Price,Close,High,Low,Open,Volume,Daily_Return,MA_5,MA_20,Signal
Ticker,AAPL,AAPL,AAPL,AAPL,AAPL,,,,
Date,,,,,,,,,
2024-01-02,183.5621795654297,186.33084291740326,181.83176685644636,185.0552730997862,82488700,,,,Hold
2024-01-03,182.187744140625,183.79950485996184,181.37691491631995,182.15808112880916,58414500,-0.007487574118255513,,,Hold
2024-01-04,179.87393188476562,181.04071720671112,178.85546161628733,180.11123597031312,71983600,-0.012700153167676365,,,Hold
2024-01-05,179.15211486816406,180.71443234786256,178.1534248404595,179.95306152436652,62379700,-0.0040129050887929285,,,Hold
2024-01-08,183.4830780029297,183.52263874374273,179.46852282651062,180.0519155054874,59144500,0.02417478095613168,181.6518096923828,,Hold
2024-01-09,183.0677947998047,183.07767744176536,180.68476543102267,181.8614486084712,42841800,-0.002263332442670074,181.5529327392578,,Hold
2024-01-10,184.10604858398438,184.31368968460146,181.86145160567418,182.28664662503843,46792900,0.005671416894025949,181.93659362792968,,Hold
2024-01-11,183.51275634765625,184.9564217479187,181.56480461990643,184.45212033242825,49128400,-0.0032225570039187135,182.66435852050782,,Hold
2024-01-12,183.8390655517578,184.64989484239166,183.11724039185432,183.97749798089004,40477800,0.0017781281835438367,183.60174865722655,,Hold
2024-01-16,181.57470703125,182.19764543114704,178.9049149905355,180.12115895148446,65603000,-0.012317069354719434,183.22007446289064,,Hold
2024-01-17,180.6353302001953,180.88253205239923,178.28197882705663,179.2411232206481,47317400,-0.005173500463877989,182.73358154296875,,Hold
2024-01-18,186.51870727539062,187.0229935165519,183.75004409317066,184.00712853391946,78005800,0.03257046707681632,183.21611328125,,Hold
2024-01-19,189.41592407226562,189.80155831594578,186.70660172518024,187.21088801676132,68903000,0.015533116432108418,184.39674682617186,,Hold
2024-01-22,191.71983337402344,193.14371820043874,190.1080727596782,190.14763349819026,60133900,0.012163229216561655,185.972900390625,,Hold
2024-01-23,192.9954071044922,193.55903452389106,191.66052626402544,192.83720939883855,42355600,0.006653321714401139,188.25704040527344,,Hold
2024-01-24,192.32301330566406,194.18197579456825,192.16480052192722,193.23271418014866,53631300,-0.0034839886032317358,190.59457702636718,,Hold
2024-01-25,191.9967041015625,194.07320538533628,190.9485708187439,193.0349547434494,54822100,-0.0016966726887902572,191.69017639160157,,Hold
2024-01-26,190.2663116455078,192.58011726192578,189.79168833424328,192.09561130867766,44594000,-0.009012615420415426,191.86025390625,,Hold
2024-01-29,189.58401489257812,190.04875551955823,187.4580852833725,189.86087972294905,47145600,-0.0035860092468754656,191.43309020996094,,Hold
2024-01-30,185.93533325195312,189.65325866018404,185.37172089064353,188.80288370915284,55859400,-0.019245724080125703,190.0210754394531,185.7875,Buy
2024-01-31,182.3360595703125,185.00585134318092,182.28663127585358,184.94651023142666,55467800,-0.019357663864583485,188.0236846923828,185.72619400024413,Buy
2024-02-01,184.76852416992188,184.857513201702,181.7625567551165,181.93065217781273,64885400,0.013340557020600663,186.5780487060547,185.855233001709,Buy
2024-02-02,183.76983642578125,185.2332669548565,177.24370243482153,177.84687547061628,102551700,-0.005405075072322352,185.27875366210938,186.05002822875977,Sell
2024-02-05,185.57937622070312,187.13181116987633,183.75997412159924,186.04411693236617,69668800,0.0098467726266529,184.4778259277344,186.37139129638672,Sell
2024-02-06,187.18121337890625,187.19109601961685,184.67953227102765,184.76852130142626,43490800,0.008631547270091744,184.727001953125,186.55629806518556,Sell
2024-02-07,187.2899932861328,188.91163664571195,186.49894443287428,188.50622203381667,53439000,0.0005811475695820523,185.71778869628906,186.76740798950195,Sell
2024-02-08,186.2122039794922,187.418535043408,185.2530596605407,187.27021997882892,40962000,-0.005754655055137059,186.00652465820312,186.87271575927736,Sell
2024-02-09,186.97454833984375,188.10322646586073,186.13298359451971,186.77652244170517,45155200,0.004093954875457717,186.64746704101563,187.04580535888672,Sell
2024-02-12,185.2914276123047,186.79633688725167,184.93500212895557,186.54881961012742,41781900,-0.009001870802649692,186.58987731933593,187.11842346191406,Sell
2024-02-13,183.20237731933594,184.36077144619387,181.68757282391297,183.92513863049606,56529500,-0.011274403354157192,185.7941101074219,187.19980697631837,Sell
2024-02-14,182.32119750976562,183.68749754312392,180.6281880058035,183.47959151637605,54630500,-0.0048098710424174795,184.80035095214845,187.2841003417969,Sell
2024-02-15,182.0341339111328,182.6578823763882,179.54906551856882,181.72721485910492,65434500,-0.0015744938194443003,183.96473693847656,187.05987167358398,Sell
2024-02-16,180.49949645996094,183.0142804515248,179.86585283584154,181.5984737728991,49752500,-0.008430492777365961,182.6697265625,186.61405029296876,Sell
2024-02-20,179.75694274902344,180.6182980286837,178.2124373755958,179.98465441119404,53665600,-0.004113882451202366,181.56282958984374,186.01590576171876,Sell
2024-02-21,180.50938415527344,181.0737156195715,178.8658660184515,180.13315310757224,41371400,0.004185882307202737,181.02423095703125,185.3916046142578,Sell
2024-02-22,182.53903198242188,183.1231842228548,180.64801151557128,181.65787110291916,52292200,0.011244001726816277,181.0677978515625,184.90240554809571,Sell
2024-02-23,180.70742797851562,183.2023913936763,180.42029946099493,183.17269052734747,45119700,-0.010034040303679381,180.80245666503907,184.33794174194335,Sell
2024-02-26,179.3609161376953,180.9450175834942,178.85597124394113,180.43019254491847,40867400,-0.007451336427523048,180.57474060058593,183.79267196655275,Sell
2024-02-27,180.8163299560547,182.09351248592515,177.77681047698752,179.30152539649055,54318900,0.008114442375183106,180.7866180419922,183.35428771972656,Sell
2024-02-28,179.61834716796875,181.30146173701146,178.34116458472795,180.6975189384851,48953900,-0.006625412585119395,180.60841064453126,183.03843841552734,Sell
2024-02-29,178.9550018310547,180.75693496542868,177.74711623943745,179.46984202762675,136682600,-0.003693082290161298,179.8916046142578,182.86938552856446,Sell
2024-03-01,177.87582397460938,178.7371792855814,175.61846756104012,177.76691576574171,73563100,-0.0060304425436743525,179.32528381347657,182.52475051879884,Sell
2024-03-04,173.36109924316406,175.14321147352493,172.06409607852763,174.4006596751229,81510100,-0.025381328561490002,178.1253204345703,182.00431365966796,Sell
2024-03-05,168.4305419921875,170.33147275577412,167.93550746706842,169.0641855800497,95132400,-0.028440966701882453,175.64816284179688,181.1468719482422,Sell
2024-03-06,167.4404754638672,169.53943215491887,167.00484265804033,169.36121186741923,68587700,-0.005878188816647256,173.21258850097655,180.15983505249022,Sell
2024-03-07,167.32167053222656,169.0344857697736,166.81674075207243,167.47017484778516,71765100,-0.000709535321800181,170.88592224121095,179.16141891479492,Sell
2024-03-08,169.0344696044922,171.97497562938204,167.26225281020422,167.32165453074688,76267000,0.010236564497697387,169.1176513671875,178.30253219604492,Sell
2024-03-11,171.03443908691406,172.6482565736913,170.34139373001014,171.2225546353428,60139500,0.01183172572494473,168.6523193359375,177.50552673339843,Sell
2024-03-12,171.50967407226562,172.30173241116674,169.31171935776177,171.43046672764987,59825400,0.0027785923577068328,169.2681457519531,176.8164390563965,Sell
2024-03-13,169.43052673339844,171.4700666239107,169.06419090034882,171.05423942259554,52488700,-0.012122624278273264,169.66615600585936,176.12784652709962,Sell
2024-03-14,171.2819366455078,172.57892461566286,170.34137411890524,171.1928340614332,72913500,0.010927251114686065,170.4582092285156,175.5758834838867,Sell
2024-03-15,170.9057159423828,170.9057159423828,168.59885322457814,169.47011882986195,121752700,-0.0021964995871318616,170.83245849609375,175.01946258544922,Sell
2024-03-18,171.9947967529297,175.94517770513775,171.7967859641753,173.82643054023092,75604200,0.006372407175158745,171.02453002929687,174.59422760009767,Sell
2024-03-19,174.3313751220703,174.8561105550952,171.31166123855039,172.6086493883763,55215200,0.013585168930994485,171.5888702392578,174.32294921875,Sell
2024-03-20,176.89564514160156,176.89564514160156,173.35119593354977,173.97494430389506,53423100,0.014709171069956284,173.08189392089844,174.14226226806642,Sell
2024-03-21,169.66812133789062,175.72735394947048,169.14338597139206,175.29172116809335,106181300,-0.04085755643065969,172.759130859375,173.49871673583985,Sell
2024-03-22,170.569091796875,171.33144918231721,168.37113733503185,170.05425166968308,71160100,0.0053101929335923614,172.69180603027343,172.9917999267578,Sell
2024-03-25,169.15330505371094,170.2324767040703,167.76719930445816,168.87608692531137,54288300,-0.008300371000685591,172.12350769042968,172.4814193725586,Sell
2024-03-26,168.02462768554688,169.71763732680742,167.8959138727621,168.31174106723407,57388400,-0.006672511470028231,170.862158203125,171.8418342590332,Sell
2024-03-27,171.58888244628906,171.87601096065072,168.42066417893392,168.7176879462108,60273300,0.02121269250727087,169.8008056640625,171.44036102294922,Sell
2024-03-28,169.77703857421875,170.51959037094832,168.81667037520143,170.0443614510728,65672700,-0.010559214829302555,169.8225891113281,170.98146286010743,Sell
2024-04-01,168.34144592285156,169.54933141950085,167.79690490268092,169.48992969134684,46240500,-0.008455752694376373,169.37705993652344,170.50474395751954,Sell
2024-04-02,167.1632537841797,167.65828830624176,166.55931106297376,167.40087579338118,49329500,-0.0069988239213046866,168.9790496826172,170.19485168457032,Sell
2024-04-03,167.96522521972656,168.98499523543435,166.9058590852198,167.11376514661308,47691700,0.004797534251051783,168.96716918945313,170.17158584594728,Sell
2024-04-04,167.14346313476562,170.21266810452119,167.14346313476562,168.59885072968464,53704400,-0.004892453684302467,168.07808532714844,170.1567352294922,Sell
2024-04-05,167.89590454101562,168.69785802201392,167.27215623034843,167.90579979250484,42104800,0.00450176986965567,167.7018585205078,170.18544692993163,Sell
2024-04-08,166.77713012695312,167.51968192191484,166.5692240844266,167.3513719945941,37425500,-0.0066635003225418155,167.3889953613281,170.07257995605468,Sell
2024-04-09,167.98501586914062,168.39094781013864,166.67813256359855,167.02464767080627,42373800,0.007242514254010901,167.5533477783203,169.92010879516602,Sell
2024-04-10,166.11378479003906,167.4107728345435,165.45044033625643,167.12365945587084,49709300,-0.011139273758554946,167.1830596923828,169.6503143310547,Sell
2024-04-11,173.30166625976562,173.71750852250418,166.49000200344838,166.6682071669761,91070300,0.04327083076706573,168.41470031738282,169.84387130737304,Sell
2024-04-12,174.79669189453125,176.5887144383463,172.47993396851362,172.52942533467058,101670900,0.008626723949235915,169.79485778808595,170.0196090698242,Sell
2024-04-15,170.97500610351562,174.87588010863277,170.78689058947398,173.61848833629102,73531800,-0.02186360479477234,170.63443298339843,170.02307357788087,Buy
2024-04-16,167.6978759765625,172.03436750787574,166.59889888763496,170.04433444727835,73711200,-0.019167305219857766,170.5770050048828,169.8082275390625,Buy
2024-04-17,166.33160400390625,168.95528100035153,166.33160400390625,167.9256158132339,50901200,-0.008147222883414407,170.62056884765624,169.4082389831543,Buy
2024-04-18,165.38113403320312,166.96525061902096,164.89600984807865,166.36130787024413,43122900,-0.005714307731204293,169.03646240234374,168.83251342773437,Buy
2024-04-19,163.36138916015625,164.74747975255278,162.45052746983075,164.559379327856,68149400,-0.012212667937331778,166.74940185546876,168.51717681884764,Sell
2024-04-22,164.1930389404297,165.59893510418706,163.13367296874276,163.8762247169617,48116400,0.005090858889906347,165.39300842285155,168.1983741760254,Sell
2024-04-23,165.24253845214844,165.39105789202225,163.2822057253187,163.70794332424896,49537800,0.0063918636166999665,164.90194091796874,168.00283584594726,Sell
2024-04-24,167.3414764404297,167.6186945681344,164.55938480415762,164.88609429896647,48251800,0.01270216499905108,165.10391540527343,167.96867828369142,Sell
2024-04-25,168.2028350830078,168.9156860278579,166.4801094484109,167.84640961058278,50558300,0.005147311120353049,165.6682556152344,167.79937591552735,Sell
2024-04-26,167.61868286132812,169.63841695172266,167.49986430971396,168.19292468782604,44838400,-0.0034729035416758425,166.51971435546875,167.69145812988282,Sell
2024-04-29,171.7769775390625,174.28185098854456,171.38095596804143,171.64826373021612,68169400,0.024808062005680753,168.0365020751953,167.86323471069335,Buy
2024-04-30,168.63845825195312,173.25218351807536,168.31173366197407,171.6086653165762,65934800,-0.018270895972632095,168.71568603515624,167.93699493408204,Buy
2024-05-01,167.61868286132812,170.9948217396029,167.43056733625505,167.8959009696714,50383100,-0.006047110494223129,168.77112731933593,167.9196678161621,Buy
2024-05-02,171.3116455078125,171.69777183075684,169.19289835753364,170.79680537480178,94214900,0.022031927368977078,169.39288940429688,168.12807693481446,Buy
2024-05-03,181.5588836669922,185.14292911827533,180.84603267784937,184.7963988764884,163224100,0.05981635474228386,172.1809295654297,168.81122589111328,Buy
2024-05-06,179.90545654296875,182.3707188474722,178.62825898838415,180.53910014061182,78569700,-0.009106836804835594,173.80662536621094,169.46764221191407,Buy
2024-05-07,180.5885772705078,183.0637497391675,179.5193160584302,181.62815272879564,77305800,0.0037971095522379983,176.19664916992187,170.09782028198242,Buy
2024-05-08,180.92523193359375,181.25195654794928,179.6480343404535,181.03414013837894,45057100,0.0018642079591870697,178.857958984375,170.83839263916016,Buy
2024-05-09,182.737060546875,182.82616313989396,180.30148392023486,180.74701199258516,48983000,0.010014239550325765,181.1430419921875,171.31016235351564,Buy
2024-05-10,181.4779510498047,183.50042466657956,180.56585391849484,183.3120539854214,50759500,-0.006890279909845254,181.12685546875,171.64422531127929,Buy
2024-05-13,184.68020629882812,185.4931713127623,183.03445892506747,183.84742393900163,72044800,0.01764542320705731,182.08180541992186,172.32948532104493,Buy
2024-05-14,185.8203125,186.68285108112164,184.69010361608505,185.8996272619275,52393600,0.0061734076651782654,183.1281524658203,173.2356071472168,Buy
2024-05-15,188.09066772460938,189.0126735344407,185.76084369802737,186.29621459797372,70400000,0.012218014242169506,184.56123962402344,174.32356033325195,Buy
2024-05-16,188.2096405029297,189.458829238671,188.03119361367854,188.83423487080034,52845200,0.0006325288742901058,185.65575561523437,175.4649856567383,Buy
2024-05-17,188.2393798828125,189.1713095252472,187.55530322495105,187.8824709799172,41282900,0.00015801199026443946,187.00804138183594,176.7088851928711,Buy
2024-05-20,189.3993377685547,190.2717851507536,187.38677266186554,187.70403175639103,44361300,0.006162142514835711,187.95186767578124,177.96920013427734,Buy
2024-05-21,190.69810485839844,191.07483113273048,189.2803778274553,189.44891605266244,42309400,0.006857294778035872,188.92742614746095,179.24197845458986,Buy
2024-05-22,189.26055908203125,191.16408357860647,188.63597976159812,190.6188039117619,34648500,-0.007538332787494828,189.16140441894532,180.33793258666992,Buy
2024-05-23,185.2750701904297,189.35968258649532,185.02721720275102,189.3398501117122,51005900,-0.021058211552012485,188.57449035644532,181.19154434204103,Buy
2024-05-24,188.3484344482422,188.94328765804346,186.42509288132968,187.19840810516956,36327000,0.016588115468819664,188.59630126953124,182.22803192138673,Buy
2024-05-28,188.35836791992188,191.3425125399711,187.4760118609873,189.86530324069457,52280100,5.2739868578122184e-05,188.3881072998047,183.05710144042968,Buy
2024-05-29,188.65579223632812,190.59896650948673,187.88249204796585,187.98163930401122,53068000,0.0015790342616086583,187.97964477539062,184.05796813964844,Buy
2024-05-30,189.64718627929688,190.52954231443272,188.99286588586446,189.12173915319045,49889100,0.00525504163543955,188.05697021484374,185.15939331054688,Buy
2024-05-31,190.5989532470703,190.9162123421418,188.27905284340878,189.7959119633218,75158300,0.005018618975826783,189.1217468261719,186.12375869750977,Buy
2024-06-03,192.3636474609375,193.31540952983562,190.86662095571478,191.24334718637152,50080500,0.009258677363141787,189.92478942871094,186.66399688720702,Buy
2024-06-04,192.680908203125,193.64257895328527,191.37223723797064,192.96841099700254,47471400,0.0016492759748274466,190.78929748535157,187.30276947021486,Buy
2024-06-05,194.18785095214844,195.20900403542353,193.19643901671662,193.72188613227584,54156800,0.007820924050424338,191.8957092285156,187.98273315429688,Buy
2024-06-06,192.80979919433594,194.8124556459051,192.5024638984892,194.0094143560484,41181800,-0.007096488019490366,192.52823181152343,188.57696151733398,Buy
2024-06-07,195.1990966796875,195.24867030234284,192.47271383884646,192.97832848334124,53103900,0.012391991980362782,193.44826049804686,189.2000633239746,Buy
2024-06-10,191.46145629882812,195.60556579928584,190.49978557066368,195.20899197297106,97010200,-0.01914783646254603,193.267822265625,189.6992385864258,Buy
2024-06-11,205.37095642089844,205.3808802210458,191.96707924808354,191.98689659289002,172373300,0.07264908765950628,195.8058319091797,190.7337760925293,Buy
2024-06-12,211.24014282226562,218.30889945026047,205.1231180281253,205.58908283581826,198134300,0.028578463594134407,199.21629028320314,192.00476760864257,Buy
2024-06-13,212.40011596679688,214.8885546834631,209.7827888470424,212.8958219752939,97862700,0.005491253362327253,203.1343536376953,193.22024002075196,Buy
2024-06-14,210.66514587402344,213.32212283006638,209.48536314811375,212.01346682824212,70122700,-0.008168404639876226,206.2275634765625,194.34301528930663,Buy
2024-06-17,214.80921936035156,217.06963733267014,210.8931452933454,211.5375569916551,93728300,0.019671376910190164,210.8971160888672,195.6715072631836,Buy
2024-06-18,212.4496612548828,216.75240063817128,211.1707464886947,215.72132373307375,79943300,-0.010984435921767788,212.31285705566407,196.8240234375,Buy
2024-06-20,207.87925720214844,212.40010854906527,207.0563985691976,212.09275812722348,86172500,-0.021512879925240758,211.64067993164062,197.6830810546875,Buy
2024-06-21,205.7080535888672,210.0702597495804,205.3313122387871,208.58314195009936,241805100,-0.010444541906217686,210.3022674560547,198.5054557800293,Buy
2024-06-24,206.35247802734375,210.87331399723786,204.8157865138524,205.93608683303725,80727000,0.0031327137038812403,209.43973388671876,199.559326171875,Buy
2024-06-25,207.2744903564453,209.56464939365068,206.8184342324815,207.35378999494392,55549700,0.004468142752225068,207.9327880859375,200.50562896728516,Buy
2024-06-26,211.41859436035156,213.01476817493463,208.8310086144187,209.68362348048936,66213200,0.019993314164129528,207.72657470703126,201.65864028930665,Buy
2024-06-27,212.2613067626953,213.88722177256454,210.5263358320774,212.8462361886446,49772700,0.003985989997206119,208.6029846191406,202.838916015625,Buy
2024-06-28,208.81118774414062,214.2143951724623,208.49394377490637,213.91696855097956,82542700,-0.016254111835897977,209.2236114501953,203.7971160888672,Buy
2024-07-01,214.88853454589844,215.64200216221636,210.10001313722785,210.26855134899324,60402900,0.02910450760523653,210.93082275390626,205.0115951538086,Buy
2024-07-02,218.37831115722656,218.4873670751859,213.25271326862932,214.2936836981781,58046200,0.01623993862074924,213.1515869140625,206.31232833862305,Buy
2024-07-03,219.64730834960938,219.64730834960938,217.14894613859082,218.11061688690268,37369800,0.005811003783563251,214.79732971191407,207.66064834594727,Buy
2024-07-05,224.39617919921875,224.50523511983306,219.74645469045154,219.74645469045154,60412400,0.021620437260495118,217.22430419921875,209.1710647583008,Buy
2024-07-08,225.8634796142578,225.89322076278884,221.3327197032473,225.13973799267995,59085900,0.006538883238900395,220.6347625732422,210.82374877929686,Buy
2024-07-09,226.71607971191406,227.42989753320916,224.4259205051531,225.97252074204383,48076100,0.0037748470851168836,223.00027160644532,212.39959793090821,Buy
2024-07-10,230.97914123535156,231.07828847688273,227.28117906796422,227.3307526887298,62627700,0.01880352522350659,225.52043762207032,214.37548217773437,Buy
2024-07-11,225.6156005859375,230.39419780728426,223.83105624130303,229.40278596334778,64710600,-0.023220887482428565,226.71409606933594,215.38771438598633,Buy
2024-07-12,228.5601043701172,230.64207551688347,226.71607753741577,226.9540218514806,53046500,0.013050975980972268,227.54688110351563,216.25371246337892,Buy
2024-07-15,232.386962890625,235.1926606193721,231.0882156126273,234.44910163171727,62631300,0.01674333554866947,228.85157775878906,217.2530548095703,Buy
2024-07-16,232.80335998535156,234.24090427881208,230.33473879844306,232.98180687397965,43234300,0.001791826398293006,230.06903381347655,218.3599655151367,Buy
2024-07-17,226.9143829345703,229.47222770464353,224.6936146131452,227.4794799069808,57345900,-0.025295928079181462,229.2560821533203,218.96522369384766,Buy
2024-07-18,222.25473022460938,228.46097889584826,220.36114484151935,228.3023493485251,66034600,-0.020534849530911115,228.5839080810547,219.455477142334,Buy
2024-07-19,222.38360595703125,224.8522270905052,221.36245288688534,222.88923571935766,49151500,0.0005798559710816775,227.3486083984375,220.18069458007812,Buy
2024-07-22,222.03663635253906,225.82382229500527,221.17409763275575,225.06043082550624,48201800,-0.0015602301392632079,225.2785430908203,220.99712371826172,Buy
2024-07-23,223.0775909423828,224.9910238167192,220.76759935066607,222.44308791792702,39960300,0.004688210949975735,223.33338928222656,221.83337936401367,Buy
2024-07-24,216.6631622314453,222.86941075843336,215.26528287042115,222.07627816799848,61777600,-0.02875424951399197,221.28314514160155,222.30281295776368,Sell
2024-07-25,215.62217712402344,218.95332167523742,212.77681471652627,217.0497975364767,51391200,-0.004804624361154031,219.95663452148438,222.51299209594725,Sell
2024-07-26,216.08815002441406,217.6050090608147,214.15488466672127,216.8217851678197,41601300,0.002161062032699057,218.69754333496093,222.7043342590332,Sell
2024-07-29,216.36573791503906,217.41663210574902,213.89711684474761,215.0967318967012,36311800,0.0012846048734909132,217.56336364746093,223.08206176757812,Sell
2024-07-30,216.92092895507812,218.43778796730905,214.2639371695869,217.3075789949067,41643800,0.0025659840850451587,216.33203125,223.1836814880371,Sell
2024-07-31,220.17276000976562,221.89782218872546,218.7352157578384,219.53825698895486,50036300,0.014990858974981203,217.03395080566406,223.27340393066407,Sell
2024-08-01,216.4846954345703,222.55213120715743,215.15620716620225,222.44307529690366,62501000,-0.016750775958986663,217.20645446777343,223.11527328491212,Sell
2024-08-02,217.9718475341797,223.66255798049997,215.8403177402066,217.26793834308685,105568600,0.006869548429851324,217.58319396972655,222.79405670166017,Sell
2024-08-05,207.47279357910156,211.6664621054212,194.3167520967801,197.3802115476467,119548600,-0.04816701823583791,215.80460510253906,221.87452239990233,Sell
2024-08-06,205.4502716064453,208.18657796978488,199.3431861620261,203.53685401433648,69660500,-0.009748372004665495,213.5104736328125,220.8112319946289,Sell
2024-08-07,208.01806640625,211.80525225793107,204.61751548926864,205.12313014700663,63516400,0.01249837627240269,211.07953491210938,219.66317825317384,Sell
2024-08-08,211.4780731201172,212.36042911915672,207.03655197769595,211.27979376271134,47161100,0.016633202940700142,210.07821044921874,218.9563018798828,Sell
2024-08-09,214.38291931152344,214.91827509282652,210.1495861717322,210.2784745623819,42201600,0.013735921405697349,209.3604248046875,218.24744262695313,Sell
2024-08-12,215.9114532470703,217.8767166928247,213.99582080224636,214.46232494953352,38028100,0.00712992406510593,211.04815673828125,217.42366714477538,Sell
2024-08-13,219.62364196777344,220.23902400333975,217.38044783379533,217.38044783379533,44155300,0.017193107011582276,213.88283081054686,216.7646812438965,Sell
2024-08-14,220.0703125,221.37056313371255,218.06533789669703,218.92887503482297,41960600,0.00203379985972596,216.29328002929688,216.42247772216797,Sell
2024-08-15,223.0479736328125,223.67329096872731,221.10255033510867,222.9288713384501,46414000,0.013530498952749381,218.60726013183594,216.46213989257814,Buy
2024-08-16,224.36807250976562,225.14226768918678,221.98592068094572,222.25391598005478,44340200,0.005918452678374431,220.6042907714844,216.56136322021484,Buy
2024-08-19,224.20925903320312,224.30852103873067,221.38045847347976,224.0405257400108,40687800,-0.0007078256491043211,222.26385192871095,216.66999435424805,Buy
2024-08-20,224.8246307373047,225.4797235950926,223.77252016614798,224.09014645304697,30299000,0.0027446310948757713,223.30404968261718,216.75734634399413,Buy
2024-08-21,224.71546936035156,226.28371522001356,223.37552309496598,224.8345868015738,34765500,-0.00048554011451118484,224.2330810546875,217.15996170043945,Buy
2024-08-22,222.859375,226.64102413052154,222.2340576918725,226.09511339685906,43695300,-0.00825975339230045,224.195361328125,217.52182159423828,Buy
2024-08-23,225.15219116210938,226.52192810531062,222.66087229355688,223.98097823318813,38677300,0.010288174603870104,224.35218505859376,217.97502365112305,Buy
2024-08-26,225.48965454101562,225.58891654674125,222.22414052811973,225.0727813784282,30602200,0.0014988234276755996,224.60826416015624,218.43121948242188,Buy
2024-08-27,226.33335876464844,227.147264886192,223.21672230373292,224.31846403822652,35934600,0.003741653803808198,224.910009765625,218.9018409729004,Buy
2024-08-28,224.8048095703125,228.149730282918,224.00082364270057,226.22416240429726,38052200,-0.006753530291243481,224.9278778076172,219.13344345092773,Buy
2024-08-29,228.08026123046875,231.18697758967758,227.1770435151196,228.38796742499142,51906300,0.014570202774651042,225.97205505371093,219.71322174072264,Buy
2024-08-30,227.29611206054688,228.68568922028223,225.78741746908054,228.4772602189495,52990800,-0.003438040476152926,226.40083923339844,220.179434967041,Buy
2024-09-03,221.1124725341797,227.29611365629745,219.52437135882835,226.84946493362216,50190600,-0.027205214688054147,225.52540283203126,220.8614189147949,Buy
2024-09-04,219.20677185058594,220.12984491677884,215.86183603349318,220.01074262314262,43840200,-0.008618693743290162,224.10008544921874,221.54924392700195,Buy
2024-09-05,220.7253875732422,223.80231295165626,219.87178579311316,219.9809679444758,36615400,0.006927777412329972,223.2842010498047,222.18460998535156,Buy
2024-09-06,219.17701721191406,223.5641288078718,218.1348266072838,222.28371844795942,48423000,-0.0070149173973670376,221.50355224609376,222.5695571899414,Sell
2024-09-09,219.2663116455078,219.62363365317324,215.0975649862482,219.17698492990527,67180000,0.0004074078328542008,219.89759216308593,222.81372680664063,Sell
2024-09-10,218.47225952148438,219.83206111139577,215.1174037589381,217.29111136152258,51591000,-0.0036214050305511947,219.3695495605469,222.94176712036133,Sell
2024-09-11,221.0032958984375,221.43008920211523,216.26878297144034,219.81222755985956,44587100,0.01158516134953147,219.72885437011718,223.01074981689453,Sell
2024-09-12,221.1124725341797,221.88666769221828,218.18442519080247,220.8444772424724,37455600,0.0004940045590648978,219.8062713623047,223.0628578186035,Sell
2024-09-13,220.84449768066406,222.37303270856336,220.25889118684435,221.9164638014437,36766600,-0.0012119391115497091,220.1397674560547,222.9526840209961,Sell
2024-09-16,214.71046447753906,215.6037619118882,212.32831274384958,214.9288136198369,59357400,-0.02777534992968067,219.22859802246094,222.46980361938478,Sell
2024-09-17,215.17697143554688,215.28615358843467,212.904016801209,214.14471619981742,45519300,0.0021727257641726005,218.56954040527344,222.01818923950196,Sell
2024-09-18,219.04795837402344,221.05293280374121,215.92138686335736,215.9313221513165,59894900,0.017989782608479832,218.17847290039063,221.7293556213379,Sell
2024-09-19,227.16708374023438,228.11002736409566,222.95864123060412,223.31596324984213,66781300,0.03706551490586163,219.38939514160157,221.85193634033203,Sell
2024-09-20,226.50204467773438,231.35565937992675,225.92635842704388,228.25887899921625,318679900,-0.002927532684534828,220.52090454101562,222.03406982421876,Sell
2024-09-23,224.7849578857422,227.74278104335218,224.12986496132828,225.64847983003366,54146000,-0.007580888704273092,222.53580322265626,222.01570816040038,Buy
2024-09-24,225.67825317382812,227.64353192764617,224.05045616714196,226.94872814757065,43556100,0.0039739994014189595,224.6360595703125,222.025138092041,Buy
2024-09-25,224.68569946289062,225.59885242729763,222.3531936181764,223.2564112941643,42308700,-0.004398091960473471,225.76360778808595,221.94275512695313,Buy
2024-09-26,225.8271484375,226.79985253593196,223.73284722402752,225.608784129346,36636700,0.005080203045133791,225.49562072753906,221.9938720703125,Buy
2024-09-27,226.09510803222656,227.81224676693589,225.60876359989413,226.76013618443497,34026000,0.0011865694473873756,225.4142333984375,221.89461441040038,Buy
2024-09-30,231.266357421875,231.266357421875,227.9412771261621,228.3283747151782,54541900,0.022872009194074838,226.71051330566405,222.0931266784668,Buy
2024-10-01,224.52688598632812,227.9412778656533,222.07526286618742,227.81225543239978,63285000,-0.02914159893673063,226.48023986816406,222.26384735107422,Buy
2024-10-02,225.09263610839844,225.67824256269316,221.360617941662,224.20925878310885,32880600,0.0025197433242127865,226.56162719726564,222.55814056396486,Buy
2024-10-03,223.99090576171875,225.12242301224842,221.65839996957536,223.4648504260935,34044200,-0.004894564148020919,226.1943786621094,222.72141647338867,Buy
2024-10-04,225.11251831054688,226.30358679092132,222.46238601950515,226.2043247736995,37245100,0.005007402175610132,225.99786071777345,223.0181915283203,Buy
2024-10-07,220.04052734375,224.01076551273388,219.68320530273118,222.8296172342201,39505400,-0.022530914783690403,223.75269470214843,223.05690231323243,Buy
2024-10-08,224.09017944335938,224.29860847272343,221.58892507419034,222.6311156567822,31855700,0.018404119225196025,223.66535339355468,223.33779830932616,Buy
2024-10-09,227.83209228515625,228.0405364361267,223.15714569962594,223.55416342639623,33591100,0.016698245550482493,224.21324462890624,223.67923812866212,Buy
2024-10-10,227.3358154296875,227.7923994519787,225.47973405841245,226.0851959438118,28183500,-0.00217825702468466,224.8822265625,223.9904052734375,Buy
2024-10-11,225.85693359375,227.70309500312143,225.64848941975737,227.5939128444124,31759200,-0.006505274292756158,225.03110961914064,224.24102706909179,Buy
2024-10-14,229.5790252685547,230.00581860221664,226.89911753216435,226.99836439928595,39882100,0.016479864556647295,226.93880920410157,224.98445510864258,Buy
2024-10-15,232.11004638671875,235.7229623804217,230.6410474142004,231.87182665313995,64751400,0.011024618277751363,228.54278259277345,225.83110885620118,Buy
2024-10-16,230.05543518066406,230.3929017691756,228.12986736523644,229.87678174389526,34082200,-0.008851884000882437,228.987451171875,226.3814826965332,Buy
2024-10-17,230.4226837158203,232.11004699556463,228.8048220166126,231.69315867439417,32993800,0.0015963480057223922,229.60482482910157,226.5442626953125,Buy
2024-10-18,233.25148010253906,234.4226930307779,232.26884075534687,234.4226930307779,46431500,0.012276553423913317,231.08373413085937,226.88173446655273,Buy
2024-10-21,234.720458984375,235.08771628667242,232.7055644739604,232.7055644739604,36254500,0.006297833056365443,232.11202087402344,227.37850952148438,Buy
2024-10-22,234.10507202148438,234.46239402859047,230.8693336731526,232.14972869721714,38846600,-0.0026217866374042,232.51102600097656,227.7998504638672,Buy
2024-10-23,229.0430145263672,233.3904297884605,226.06533615950997,232.33831918874512,52287000,-0.021623015047929517,232.30854187011718,228.01771621704103,Buy
2024-10-24,228.8544464111328,229.10258628095696,226.71051430099084,228.26882480795348,31109500,-0.0008232869080260219,231.9948944091797,228.16908111572266,Buy
2024-10-25,229.6881866455078,231.48471683213373,227.86188088691335,228.03061417648678,38802300,0.003643102624613981,231.28223571777343,228.3487350463867,Buy
2024-10-28,231.6633758544922,232.98348177622344,230.81970938626554,231.5839844241638,36087100,0.008599437514968056,230.6708190917969,228.36858596801758,Buy
2024-10-29,231.93138122558594,232.5864741436605,230.59143496071306,231.36563017470797,35417200,0.001156874150284759,230.2360809326172,228.73881072998046,Buy
2024-10-30,228.387939453125,231.7328600109945,227.8420287171323,230.87925826342104,47070900,-0.015277974691205953,230.10506591796874,228.9035758972168,Buy
2024-10-31,224.22914123535156,228.11997302154123,223.6931505739168,227.63361336879595,64370100,-0.01820936003771334,229.1800048828125,228.91548767089844,Buy
2024-11-01,221.25143432617188,223.67328184782377,218.6310779402587,219.32586653780092,65276700,-0.013279749870041546,227.4926544189453,228.7224334716797,Sell
2024-11-04,220.35812377929688,221.13231895883285,218.0752491010658,219.34572401852256,44944500,-0.0040375356191276746,225.23160400390626,228.73831329345703,Sell
2024-11-05,221.78738403320312,222.28366370888506,219.49457435479323,220.14966716155428,28111300,0.006486079248604115,223.2028045654297,228.62317352294923,Sell
2024-11-06,221.06285095214844,224.387931303672,219.54423614319148,220.95366880237512,54561100,-0.003266791229866395,221.73778686523437,228.28471145629882,Sell
2024-11-07,225.78744506835938,226.18447798056903,222.89910825147632,222.95865940199351,42137700,0.021372175812722327,222.04944763183593,228.20729293823243,Sell
2024-11-08,225.5191650390625,227.20836966100222,224.97265364792685,225.72782337627459,38328800,-0.0011881972853523548,222.90299377441406,228.19040451049804,Sell
2024-11-11,222.80645751953125,224.26712634517858,220.0937933412938,223.5715733715174,42005600,-0.012028722787535084,223.39266052246094,227.85177612304688,Sell
2024-11-12,222.80645751953125,224.15782408060912,221.94198562097503,223.1244332571579,40398300,0.0,223.59647521972656,227.3865966796875,Sell
2024-11-13,223.69082641601562,225.2111120360391,221.34580821096,222.58787261698694,48566200,0.003969224708879171,224.1220703125,227.06836624145507,Sell
2024-11-14,226.77113342285156,227.41700079571672,223.5715745650122,223.5914518391994,44923900,0.013770376980534849,224.31880798339844,226.88578872680665,Sell
2024-11-15,223.57159423828125,225.47940335635096,222.8462328667566,224.96270031544069,47923700,-0.014109111403541208,223.92929382324218,226.40179443359375,Sell
2024-11-18,226.57241821289062,228.28149999782985,223.74050538640262,223.8199993254601,44633700,0.013422205914992658,224.68248596191407,225.99439239501953,Sell
2024-11-19,226.8307647705078,228.6988344551977,225.22105418122663,225.53901477922054,36211800,0.0011402383381653447,225.4873474121094,225.63067703247071,Sell
2024-11-20,227.54620361328125,228.4702922716314,224.45594670445817,226.61216873586113,35169600,0.003154064412282276,226.2584228515625,225.55583648681642,Buy
2024-11-21,227.06924438476562,228.69883223369175,224.2770861035494,227.42695953023323,42108300,-0.0020960983788866905,226.31804504394532,225.46657638549806,Buy
2024-11-22,228.41065979003906,229.25526960886552,226.6121530455377,226.6121530455377,38168300,0.0059075169290669916,227.28585815429688,225.4027000427246,Buy
2024-11-25,231.39161682128906,231.7692092379923,228.28149797848934,229.99057974831032,90152800,0.013050866513805381,228.24969787597655,225.38911209106445,Buy
2024-11-26,233.56771850585938,234.07449047305911,231.84870566104107,231.84870566104107,45986200,0.009404410213577297,229.5970886230469,225.47092895507814,Buy
2024-11-27,233.43853759765625,234.1937224347506,232.32565277909848,232.9814664022851,33498400,-0.0005530768936284902,230.7755554199219,225.72345886230468,Buy
2024-11-29,235.82330322265625,236.3002516789311,232.48463370489634,233.3192972938568,28481400,0.010215818045905767,232.5263671875,226.30316696166992,Buy
2024-12-02,238.0689697265625,239.26134854667043,235.65440375298792,235.76370602927642,48137100,0.009522665797730534,234.4580291748047,227.14404373168946,Buy
2024-12-03,241.10952758789062,241.21882985808793,237.3833345065081,238.28756099978403,38861000,0.012771752088566624,236.401611328125,228.18161392211914,Buy
2024-12-04,241.4672393798828,242.5602620666903,239.71841824290905,241.32812877991805,44383900,0.001483607037725987,237.98151550292968,229.1656066894531,Buy
2024-12-05,241.4970703125,242.98754766386446,240.59285890906452,242.44105143123323,40033900,0.00012354028933203587,239.59322204589844,230.18731765747071,Buy
2024-12-06,241.29832458496094,243.0769692456264,240.5431549096241,241.36788746709487,36870600,-0.0008229736587772596,240.68822631835937,230.96286163330078,Buy
2024-12-09,245.1835174560547,245.67041216886827,240.21525975684386,240.29475369946152,44649200,0.01610120119058589,242.11113586425782,231.9460792541504,Buy
2024-12-10,246.19705200195312,246.63426111556626,243.78247081974237,245.3226337747269,36914800,0.00413377928669334,243.1286407470703,233.1156089782715,Buy
2024-12-11,244.9251708984375,249.20780656351602,244.69662013013263,246.3858398593606,45205800,-0.005166110207954655,243.82022705078126,234.2215446472168,Buy
2024-12-12,246.3858184814453,247.1608653940442,244.1202792424049,245.32260415969785,32777500,0.00596364831613605,244.7979766845703,235.35629425048828,Buy
2024-12-13,246.5547637939453,247.7073880681415,244.676762972136,246.24673423955153,33155300,0.0006856941423871721,245.8492645263672,236.34547576904296,Buy
2024-12-16,249.44627380371094,249.7841268474892,246.07779571830554,246.4156487620838,51694800,0.011727658250327622,246.70181579589843,237.63920974731445,Buy
2024-12-17,251.87078857421875,252.2185726786221,248.19428090188288,248.49237939681157,51356400,0.009719587041880029,247.83656311035156,238.90412826538085,Buy
2024-12-18,246.4752655029297,252.6657103008961,246.1672359539693,250.55917390522964,56774100,-0.02142178972731157,248.14658203125,239.88635330200196,Buy
2024-12-19,248.20419311523438,250.400169527173,245.5213371883983,245.92873792847348,60882300,0.007014608986328996,248.5102569580078,240.91925277709962,Buy
2024-12-20,252.87437438964844,253.38113119374523,244.13023820234332,246.46531011815415,147495300,0.018815883872863592,249.77417907714843,242.20950927734376,Buy
2024-12-23,253.6494140625,254.02699130961165,251.84096111600803,253.15258832932108,40858800,0.0030649197836760678,250.61480712890625,243.4714469909668,Buy
2024-12-24,256.560791015625,256.57070690893096,253.66924678278625,253.86798918256417,23234700,0.011477956548354706,251.5528076171875,244.7299057006836,Buy
2024-12-26,257.3755798339844,258.44874034869076,255.99442012888886,256.55086249805703,27237100,0.003175811920184346,253.73287048339844,245.92029876708983,Buy
2024-12-27,253.96739196777344,257.05766400729357,251.45345479939442,256.19316170058187,42355300,-0.013242079409434782,254.88551025390626,246.9467414855957,Buy
2024-12-30,250.59890747070312,251.890657464443,249.15811581542044,250.6287158030117,35557500,-0.013263452725055913,254.4304168701172,247.68552169799804,Buy
2024-12-31,248.8302001953125,251.6720440162376,247.84647977817443,250.83738041728796,39480700,-0.007057920935259476,253.4665740966797,248.22358322143555,Buy
